<?xml version="1.0" encoding="UTF-8"?>
<project-private xmlns="http://www.netbeans.org/ns/project-private/1">
    <editor-bookmarks xmlns="http://www.netbeans.org/ns/editor-bookmarks/2" lastBookmarkId="0"/>
    <open-files xmlns="http://www.netbeans.org/ns/projectui-open-files/2">
        <group>
            <file>file:/home/meschoyez/Docencia/111Mil/111mil-2019/Proyectos/RPG-Colecciones/src/rpg/colecciones/Objetos.java</file>
            <file>file:/home/meschoyez/Docencia/111Mil/111mil-2019/Proyectos/RPG-Colecciones/src/rpg/colecciones/Armas.java</file>
            <file>file:/home/meschoyez/Docencia/111Mil/111mil-2019/Proyectos/RPG-Colecciones/src/rpg/colecciones/Bolsa.java</file>
            <file>file:/home/meschoyez/Docencia/111Mil/111mil-2019/Proyectos/RPG-Colecciones/src/rpg/colecciones/Espada.java</file>
            <file>file:/home/meschoyez/Docencia/111Mil/111mil-2019/Proyectos/RPG-Colecciones/src/rpg/colecciones/RPGColecciones.java</file>
        </group>
    </open-files>
</project-private>
