<?xml version="1.0" encoding="UTF-8"?>
<project-private xmlns="http://www.netbeans.org/ns/project-private/1">
    <editor-bookmarks xmlns="http://www.netbeans.org/ns/editor-bookmarks/2" lastBookmarkId="0"/>
    <open-files xmlns="http://www.netbeans.org/ns/projectui-open-files/2">
        <group>
            <file>file:/home/meschoyez/NetBeansProjects/111mil-2019/RPG-Colecciones/src/rpg/colecciones/RPGColecciones.java</file>
            <file>file:/home/meschoyez/NetBeansProjects/111mil-2019/RPG-Colecciones/src/rpg/colecciones/Bolsa.puml</file>
            <file>file:/home/meschoyez/NetBeansProjects/111mil-2019/RPG-Colecciones/src/rpg/colecciones/comentarios.txt</file>
            <file>file:/home/meschoyez/NetBeansProjects/111mil-2019/RPG-Colecciones/src/rpg/colecciones/ProyectoHeroe.puml</file>
        </group>
    </open-files>
</project-private>
